-- Comprehensive seed data for TenderFlow database

-- Insert tenants
INSERT INTO "tenants" ("id", "name", "subdomain", "settings", "isActive") VALUES
('550e8400-e29b-41d4-a716-446655440001', 'TechCorp Solutions', 'techcorp', '{"timezone":"UTC","currency":"USD","autoAssignTenders":true,"emailNotifications":true}', true),
('550e8400-e29b-41d4-a716-446655440002', 'Global Consulting', 'globalconsulting', '{"timezone":"EST","currency":"USD","autoAssignTenders":false,"emailNotifications":true}', true);

-- Insert users
INSERT INTO "users" ("id", "tenantId", "email", "firstName", "lastName", "role", "isActive", "settings") VALUES
('550e8400-e29b-41d4-a716-446655440101', '550e8400-e29b-41d4-a716-446655440001', 'admin@techcorp.com', 'Sarah', 'Johnson', 'admin', true, '{"emailPreferences":{"tenderAssigned":true,"statusChanges":true,"deadlineReminders":true}}'),
('550e8400-e29b-41d4-a716-446655440102', '550e8400-e29b-41d4-a716-446655440001', 'john.smith@techcorp.com', 'John', 'Smith', 'member', true, '{"emailPreferences":{"tenderAssigned":true,"statusChanges":false,"deadlineReminders":true}}'),
('550e8400-e29b-41d4-a716-446655440103', '550e8400-e29b-41d4-a716-446655440001', 'emma.wilson@techcorp.com', 'Emma', 'Wilson', 'member', true, '{"emailPreferences":{"tenderAssigned":true,"statusChanges":true,"deadlineReminders":true}}'),
('550e8400-e29b-41d4-a716-446655440104', '550e8400-e29b-41d4-a716-446655440001', 'viewer@techcorp.com', 'Mike', 'Brown', 'viewer', true, '{}'),
('550e8400-e29b-41d4-a716-446655440201', '550e8400-e29b-41d4-a716-446655440002', 'admin@globalconsulting.com', 'Lisa', 'Davis', 'admin', true, '{}');

-- Insert tenders
INSERT INTO "tenders" ("id", "tenantId", "title", "description", "status", "category", "publishedAt", "deadline", "estimatedValue", "currency", "source", "externalId", "metadata", "requirements", "createdBy") VALUES
('550e8400-e29b-41d4-a716-446655440301', '550e8400-e29b-41d4-a716-446655440001', 'Cloud Infrastructure Migration Project', 'Complete migration of on-premises infrastructure to AWS cloud platform including database migration, application refactoring, and security implementation.', 'QUALIFIED', 'IT_SERVICES', NOW() - INTERVAL '7 days', NOW() + INTERVAL '30 days', 125000.00, 'USD', 'Government Portal', 'GOV-2024-IT-001', '{"location":"Washington, DC","duration":"6 months","securityClearance":"Required","technologies":["AWS","PostgreSQL","Docker","Kubernetes"]}', '{"technical":{"experience":"5+ years cloud migration","certifications":["AWS Solutions Architect","AWS DevOps Engineer"],"teamSize":"4-6 engineers"},"compliance":["SOC2","FedRAMP"],"deliverables":["Migration Plan","Security Assessment","Training Materials"]}', '550e8400-e29b-41d4-a716-446655440101'),
('550e8400-e29b-41d4-a716-446655440302', '550e8400-e29b-41d4-a716-446655440001', 'Enterprise Software Development', 'Development of a comprehensive customer relationship management system with advanced analytics and reporting capabilities.', 'IN_BID', 'IT_SERVICES', NOW() - INTERVAL '3 days', NOW() + INTERVAL '21 days', 250000.00, 'USD', 'Private RFP', 'CORP-2024-DEV-002', '{"location":"Remote","duration":"12 months","integrations":["Salesforce","HubSpot","Microsoft 365"]}', '{"technical":{"experience":"7+ years enterprise software","technologies":["React","Node.js","PostgreSQL","GraphQL"],"methodology":"Agile/Scrum"},"deliverables":["Source Code","Documentation","Training","Support"]}', '550e8400-e29b-41d4-a716-446655440101'),
('550e8400-e29b-41d4-a716-446655440303', '550e8400-e29b-41d4-a716-446655440001', 'Data Center Security Consulting', 'Comprehensive security assessment and implementation of advanced security measures for enterprise data center facilities.', 'SCRAPED', 'CONSULTING', NOW() - INTERVAL '1 day', NOW() + INTERVAL '45 days', 75000.00, 'USD', 'Industry Portal', 'IND-2024-SEC-003', '{"location":"New York, NY","duration":"3 months","clearanceRequired":true}', '{"technical":{"experience":"10+ years cybersecurity","certifications":["CISSP","CISM","CEH"],"specialties":["Penetration Testing","Risk Assessment","Compliance"]}}', '550e8400-e29b-41d4-a716-446655440102'),
('550e8400-e29b-41d4-a716-446655440304', '550e8400-e29b-41d4-a716-446655440001', 'Office Building Construction Management', 'Project management services for the construction of a 15-story office building including coordination with contractors, scheduling, and quality control.', 'SUBMITTED', 'CONSTRUCTION', NOW() - INTERVAL '14 days', NOW() - INTERVAL '1 day', 500000.00, 'USD', 'Municipal Portal', 'MUN-2024-CONST-004', '{"location":"Chicago, IL","duration":"18 months","buildingType":"Commercial Office","floors":15,"sqft":150000}', '{"technical":{"experience":"15+ years construction management","licenses":["Professional Engineer","Project Management Professional"],"insurance":"$5M liability coverage"}}', '550e8400-e29b-41d4-a716-446655440103'),
('550e8400-e29b-41d4-a716-446655440305', '550e8400-e29b-41d4-a716-446655440002', 'Digital Transformation Strategy', 'Strategic consulting for digital transformation including process optimization, technology roadmap, and change management.', 'VALIDATED', 'CONSULTING', NOW() - INTERVAL '5 days', NOW() + INTERVAL '35 days', 180000.00, 'USD', 'Enterprise RFP', 'ENT-2024-STRAT-005', '{"location":"San Francisco, CA","duration":"9 months","industry":"Financial Services"}', '{"technical":{"experience":"12+ years digital transformation","expertise":["Process Optimization","Change Management","Technology Strategy"],"teamComposition":"Senior consultants and subject matter experts"}}', '550e8400-e29b-41d4-a716-446655440201');

-- Insert tender assignments
INSERT INTO "tender_assignments" ("id", "tenderId", "userId", "role") VALUES
('550e8400-e29b-41d4-a716-446655440401', '550e8400-e29b-41d4-a716-446655440301', '550e8400-e29b-41d4-a716-446655440101', 'owner'),
('550e8400-e29b-41d4-a716-446655440402', '550e8400-e29b-41d4-a716-446655440301', '550e8400-e29b-41d4-a716-446655440102', 'contributor'),
('550e8400-e29b-41d4-a716-446655440403', '550e8400-e29b-41d4-a716-446655440301', '550e8400-e29b-41d4-a716-446655440104', 'viewer'),
('550e8400-e29b-41d4-a716-446655440404', '550e8400-e29b-41d4-a716-446655440302', '550e8400-e29b-41d4-a716-446655440102', 'owner'),
('550e8400-e29b-41d4-a716-446655440405', '550e8400-e29b-41d4-a716-446655440302', '550e8400-e29b-41d4-a716-446655440103', 'contributor'),
('550e8400-e29b-41d4-a716-446655440406', '550e8400-e29b-41d4-a716-446655440303', '550e8400-e29b-41d4-a716-446655440103', 'owner'),
('550e8400-e29b-41d4-a716-446655440407', '550e8400-e29b-41d4-a716-446655440303', '550e8400-e29b-41d4-a716-446655440101', 'contributor'),
('550e8400-e29b-41d4-a716-446655440408', '550e8400-e29b-41d4-a716-446655440304', '550e8400-e29b-41d4-a716-446655440101', 'owner'),
('550e8400-e29b-41d4-a716-446655440409', '550e8400-e29b-41d4-a716-446655440305', '550e8400-e29b-41d4-a716-446655440201', 'owner');

-- Insert documents
INSERT INTO "documents" ("id", "tenderId", "uploadedBy", "filename", "originalName", "mimeType", "size", "s3Key", "s3Bucket", "type", "metadata") VALUES
('550e8400-e29b-41d4-a716-446655440501', '550e8400-e29b-41d4-a716-446655440301', '550e8400-e29b-41d4-a716-446655440101', 'rfp_cloud_migration.pdf', 'Cloud Migration RFP.pdf', 'application/pdf', 2457600, 'documents/tender1/rfp_cloud_migration.pdf', 'tenderflow', 'RFP', '{"pages":45,"version":"1.0"}'),
('550e8400-e29b-41d4-a716-446655440502', '550e8400-e29b-41d4-a716-446655440301', '550e8400-e29b-41d4-a716-446655440102', 'technical_proposal.docx', 'Technical Proposal - Cloud Migration.docx', 'application/vnd.openxmlformats-officedocument.wordprocessingml.document', 1234567, 'documents/tender1/technical_proposal.docx', 'tenderflow', 'TECHNICAL_SPEC', '{"wordCount":8500,"author":"John Smith"}'),
('550e8400-e29b-41d4-a716-446655440503', '550e8400-e29b-41d4-a716-446655440302', '550e8400-e29b-41d4-a716-446655440102', 'crm_requirements.pdf', 'CRM System Requirements.pdf', 'application/pdf', 1876543, 'documents/tender2/crm_requirements.pdf', 'tenderflow', 'RFP', '{"pages":32,"version":"2.1"}'),
('550e8400-e29b-41d4-a716-446655440504', '550e8400-e29b-41d4-a716-446655440304', '550e8400-e29b-41d4-a716-446655440103', 'submission_receipt.pdf', 'Municipal Portal Submission Receipt.pdf', 'application/pdf', 234567, 'documents/tender4/submission_receipt.pdf', 'tenderflow', 'RECEIPT', '{"submissionId":"MUN-SUB-2024-004-001"}');

-- Insert bids
INSERT INTO "bids" ("id", "tenderId", "ownerId", "totalAmount", "currency", "tasks", "timeline", "methodology", "team", "assumptions", "riskAssessment", "qualityPlan", "deliverables", "notes", "isSubmitted") VALUES
('550e8400-e29b-41d4-a716-446655440601', '550e8400-e29b-41d4-a716-446655440301', '550e8400-e29b-41d4-a716-446655440101', 118000.00, 'USD', '{"phases":[{"name":"Assessment & Planning","duration":"2 weeks","deliverables":["Current State Analysis","Migration Strategy","Risk Assessment"],"effort":"160 hours"},{"name":"Infrastructure Setup","duration":"6 weeks","deliverables":["AWS Account Setup","VPC Configuration","Security Implementation"],"effort":"480 hours"},{"name":"Application Migration","duration":"12 weeks","deliverables":["Database Migration","Application Refactoring","Testing"],"effort":"960 hours"},{"name":"Go-Live & Support","duration":"4 weeks","deliverables":["Deployment","Monitoring Setup","Documentation","Training"],"effort":"320 hours"}]}', '{"startDate":"2024-09-01","milestones":[{"name":"Assessment Complete","date":"2024-09-15"},{"name":"Infrastructure Ready","date":"2024-10-27"},{"name":"Migration Complete","date":"2024-12-22"},{"name":"Go-Live","date":"2024-01-19"}]}', '{"approach":"Agile with DevOps","frameworks":["AWS Well-Architected Framework","ITIL"],"tools":["Terraform","Ansible","Jenkins","CloudWatch"],"testingStrategy":"Automated testing with manual validation"}', '{"lead":"Senior Cloud Architect (10+ years)","members":["AWS Solutions Architect","DevOps Engineer","Database Specialist","Security Engineer","QA Engineer"],"partTime":["Project Manager (50%)","Technical Writer (25%)"]}', '{"technical":["Current applications are containerizable","Database can be migrated with minimal downtime","Network connectivity is stable"],"business":["Stakeholders available for decision making","Testing environment can be provided","Go-live window flexibility of +/- 1 week"]}', '{"high":[{"risk":"Data loss during migration","mitigation":"Multiple backup strategies and rollback procedures","probability":"Low","impact":"High"}],"medium":[{"risk":"Performance degradation","mitigation":"Comprehensive load testing and optimization","probability":"Medium","impact":"Medium"}]}', '{"standards":["AWS Best Practices","Security Compliance","Performance Benchmarks"],"testing":["Unit Testing","Integration Testing","Performance Testing","Security Testing"],"reviews":["Code Reviews","Architecture Reviews","Security Reviews"]}', '{"documentation":["Architecture Diagrams","Deployment Guides","Operations Manual","Training Materials"],"code":["Infrastructure as Code (Terraform)","Deployment Scripts","Monitoring Configurations"],"reports":["Migration Report","Performance Analysis","Security Assessment"]}', 'Our team has successfully completed 15+ similar cloud migrations in the past 3 years.', false),
('550e8400-e29b-41d4-a716-446655440602', '550e8400-e29b-41d4-a716-446655440302', '550e8400-e29b-41d4-a716-446655440102', 235000.00, 'USD', '{"phases":[{"name":"Requirements Analysis","duration":"4 weeks","deliverables":["Business Requirements","Technical Specifications","UI/UX Mockups"]},{"name":"Development","duration":"32 weeks","deliverables":["Core Platform","Integrations","Analytics Dashboard","Mobile App"]},{"name":"Testing & Deployment","duration":"6 weeks","deliverables":["Quality Assurance","Performance Testing","Production Deployment"]}]}', '{}', '{}', '{}', '{}', '{}', '{}', '{}', null, true);

-- Update bid submission timestamp
UPDATE "bids" SET "submittedAt" = NOW() - INTERVAL '2 days' WHERE "id" = '550e8400-e29b-41d4-a716-446655440602';

-- Insert submissions
INSERT INTO "submissions" ("id", "tenderId", "method", "submittedAt", "submittedBy", "externalRef", "receiptKey", "parsed", "parsedAt", "parseVersion", "amount", "currency", "status", "portalData", "notes") VALUES
('550e8400-e29b-41d4-a716-446655440701', '550e8400-e29b-41d4-a716-446655440304', 'PORTAL', NOW() - INTERVAL '2 days', '550e8400-e29b-41d4-a716-446655440103', 'MUN-SUB-2024-004-001', 'receipts/tender4/submission_receipt.pdf', '{"submissionId":"MUN-SUB-2024-004-001","confirmationNumber":"CONF-789123","timestamp":"2024-08-29T14:30:00Z","status":"RECEIVED"}', NOW() - INTERVAL '2 days' + INTERVAL '5 minutes', '1.0.0', 485000.00, 'USD', 'RECEIVED', '{"portalName":"Municipal Procurement Portal","category":"Construction Management","contactEmail":"procurement@chicago.gov"}', 'Submitted via municipal portal with all required documentation');

-- Insert tender validations
INSERT INTO "tender_validations" ("id", "tenderId", "criteria", "score", "isValid", "validatedBy", "validatedAt", "notes") VALUES
('550e8400-e29b-41d4-a716-446655440801', '550e8400-e29b-41d4-a716-446655440301', '{"technical":{"score":95,"requirements":["Cloud expertise","AWS certifications","Security clearance"],"met":[true,true,true]},"financial":{"score":85,"budgetFit":true,"estimatedValue":125000,"bidAmount":118000},"experience":{"score":90,"similarProjects":15,"clientReferences":8,"yearsInBusiness":12}}', 90.00, true, '550e8400-e29b-41d4-a716-446655440101', NOW() - INTERVAL '5 days', 'Excellent technical fit. Team has strong AWS experience and relevant certifications.'),
('550e8400-e29b-41d4-a716-446655440802', '550e8400-e29b-41d4-a716-446655440305', '{"technical":{"score":88,"requirements":["Digital transformation experience","Financial services knowledge"],"met":[true,true]},"strategic":{"score":92,"methodology":"Proven framework","changeManagement":true,"riskAssessment":"Comprehensive"}}', 90.00, true, '550e8400-e29b-41d4-a716-446655440201', NOW() - INTERVAL '3 days', 'Strong strategic approach with excellent financial services domain knowledge.');

-- Insert state transitions
INSERT INTO "state_transitions" ("id", "tenderId", "fromStatus", "toStatus", "triggeredBy", "reason", "metadata", "createdAt") VALUES
('550e8400-e29b-41d4-a716-446655440901', '550e8400-e29b-41d4-a716-446655440301', 'SCRAPED', 'VALIDATED', '550e8400-e29b-41d4-a716-446655440101', 'Initial validation completed - meets all technical requirements', '{"validationScore":85,"autoValidated":false}', NOW() - INTERVAL '6 days'),
('550e8400-e29b-41d4-a716-446655440902', '550e8400-e29b-41d4-a716-446655440301', 'VALIDATED', 'QUALIFIED', '550e8400-e29b-41d4-a716-446655440101', 'Tender qualified after team review - proceeding with bid preparation', '{"teamDecision":true,"budgetApproved":true}', NOW() - INTERVAL '5 days'),
('550e8400-e29b-41d4-a716-446655440903', '550e8400-e29b-41d4-a716-446655440302', 'SCRAPED', 'VALIDATED', '550e8400-e29b-41d4-a716-446655440102', 'Automated validation passed', '{"validationScore":92,"autoValidated":true}', NOW() - INTERVAL '4 days'),
('550e8400-e29b-41d4-a716-446655440904', '550e8400-e29b-41d4-a716-446655440302', 'VALIDATED', 'QUALIFIED', '550e8400-e29b-41d4-a716-446655440102', 'Strong technical match - team has extensive CRM development experience', '{"teamDecision":true}', NOW() - INTERVAL '3 days'),
('550e8400-e29b-41d4-a716-446655440905', '550e8400-e29b-41d4-a716-446655440302', 'QUALIFIED', 'IN_BID', '550e8400-e29b-41d4-a716-446655440102', 'Bid preparation started', '{"bidOwner":"550e8400-e29b-41d4-a716-446655440102"}', NOW() - INTERVAL '2 days'),
('550e8400-e29b-41d4-a716-446655440906', '550e8400-e29b-41d4-a716-446655440304', 'SCRAPED', 'VALIDATED', '550e8400-e29b-41d4-a716-446655440103', 'Construction management expertise validated', '{}', NOW() - INTERVAL '10 days'),
('550e8400-e29b-41d4-a716-446655440907', '550e8400-e29b-41d4-a716-446655440304', 'VALIDATED', 'QUALIFIED', '550e8400-e29b-41d4-a716-446655440101', 'High-value opportunity - approved for bid submission', '{}', NOW() - INTERVAL '8 days'),
('550e8400-e29b-41d4-a716-446655440908', '550e8400-e29b-41d4-a716-446655440304', 'QUALIFIED', 'IN_BID', '550e8400-e29b-41d4-a716-446655440103', 'Bid development in progress', '{}', NOW() - INTERVAL '6 days'),
('550e8400-e29b-41d4-a716-446655440909', '550e8400-e29b-41d4-a716-446655440304', 'IN_BID', 'SUBMITTED', '550e8400-e29b-41d4-a716-446655440103', 'Bid submitted successfully via municipal portal', '{"submissionId":"MUN-SUB-2024-004-001","method":"PORTAL"}', NOW() - INTERVAL '2 days');

-- Insert comments
INSERT INTO "comments" ("id", "tenderId", "authorId", "content", "metadata", "createdAt") VALUES
('550e8400-e29b-41d4-a716-446655441001', '550e8400-e29b-41d4-a716-446655440301', '550e8400-e29b-41d4-a716-446655440101', 'This cloud migration project aligns perfectly with our AWS expertise. The timeline is reasonable and the client seems well-prepared.', '{}', NOW() - INTERVAL '6 days'),
('550e8400-e29b-41d4-a716-446655441002', '550e8400-e29b-41d4-a716-446655440301', '550e8400-e29b-41d4-a716-446655440102', 'I have experience with similar government cloud migrations. The security clearance requirement is noted - I have active clearance.', '{}', NOW() - INTERVAL '5 days' + INTERVAL '2 hours'),
('550e8400-e29b-41d4-a716-446655441003', '550e8400-e29b-41d4-a716-446655440301', '550e8400-e29b-41d4-a716-446655440101', '@john.smith that''s excellent. Can you take the lead on the technical proposal? Your clearance and AWS experience make you the perfect fit.', '{"mentions":["john.smith"]}', NOW() - INTERVAL '5 days' + INTERVAL '3 hours'),
('550e8400-e29b-41d4-a716-446655441004', '550e8400-e29b-41d4-a716-446655440302', '550e8400-e29b-41d4-a716-446655440102', 'The CRM requirements are comprehensive. We should highlight our recent Salesforce integration work and React expertise.', '{}', NOW() - INTERVAL '3 days'),
('550e8400-e29b-41d4-a716-446655441005', '550e8400-e29b-41d4-a716-446655440302', '550e8400-e29b-41d4-a716-446655440103', 'I can contribute to the UI/UX design section. Our portfolio has several similar enterprise dashboards.', '{}', NOW() - INTERVAL '2 days' + INTERVAL '4 hours'),
('550e8400-e29b-41d4-a716-446655441006', '550e8400-e29b-41d4-a716-446655440304', '550e8400-e29b-41d4-a716-446655440103', 'Submission completed! Receipt uploaded and parsed successfully. Municipal portal shows status as RECEIVED.', '{}', NOW() - INTERVAL '2 days' + INTERVAL '10 minutes'),
('550e8400-e29b-41d4-a716-446655441007', '550e8400-e29b-41d4-a716-446655440304', '550e8400-e29b-41d4-a716-446655440101', 'Great work on the submission! This is a significant opportunity for our construction management practice.', '{}', NOW() - INTERVAL '2 days' + INTERVAL '30 minutes');

-- Insert notifications
INSERT INTO "notifications" ("id", "userId", "tenderId", "type", "title", "message", "data", "isRead", "readAt", "createdAt") VALUES
('550e8400-e29b-41d4-a716-446655441101', '550e8400-e29b-41d4-a716-446655440101', '550e8400-e29b-41d4-a716-446655440301', 'TENDER_ASSIGNED', 'New Tender Assignment', 'You have been assigned as owner of "Cloud Infrastructure Migration Project"', '{"role":"owner","assignedBy":"550e8400-e29b-41d4-a716-446655440101"}', true, NOW() - INTERVAL '6 days' + INTERVAL '30 minutes', NOW() - INTERVAL '6 days'),
('550e8400-e29b-41d4-a716-446655441102', '550e8400-e29b-41d4-a716-446655440102', '550e8400-e29b-41d4-a716-446655440301', 'TENDER_ASSIGNED', 'Tender Assignment', 'You have been assigned as contributor to "Cloud Infrastructure Migration Project"', '{"role":"contributor","assignedBy":"550e8400-e29b-41d4-a716-446655440101"}', true, NOW() - INTERVAL '6 days' + INTERVAL '45 minutes', NOW() - INTERVAL '6 days'),
('550e8400-e29b-41d4-a716-446655441103', '550e8400-e29b-41d4-a716-446655440101', '550e8400-e29b-41d4-a716-446655440301', 'TENDER_STATUS_CHANGED', 'Tender Status Update', 'Tender "Cloud Infrastructure Migration Project" moved to QUALIFIED', '{"oldStatus":"VALIDATED","newStatus":"QUALIFIED"}', true, NOW() - INTERVAL '5 days' + INTERVAL '15 minutes', NOW() - INTERVAL '5 days'),
('550e8400-e29b-41d4-a716-446655441104', '550e8400-e29b-41d4-a716-446655440102', '550e8400-e29b-41d4-a716-446655440302', 'TENDER_STATUS_CHANGED', 'Tender Status Update', 'Tender "Enterprise Software Development" moved to IN_BID', '{"oldStatus":"QUALIFIED","newStatus":"IN_BID"}', false, null, NOW() - INTERVAL '2 days'),
('550e8400-e29b-41d4-a716-446655441105', '550e8400-e29b-41d4-a716-446655440101', '550e8400-e29b-41d4-a716-446655440302', 'SUBMISSION_DUE', 'Submission Deadline Approaching', 'Tender "Enterprise Software Development" deadline is in 21 days', '{"daysRemaining":21}', false, null, NOW() - INTERVAL '1 day'),
('550e8400-e29b-41d4-a716-446655441106', '550e8400-e29b-41d4-a716-446655440103', '550e8400-e29b-41d4-a716-446655440304', 'DOCUMENT_UPLOADED', 'Document Uploaded', 'Submission receipt uploaded for "Office Building Construction Management"', '{"documentType":"RECEIPT","filename":"submission_receipt.pdf"}', true, NOW() - INTERVAL '2 days' + INTERVAL '5 minutes', NOW() - INTERVAL '2 days');

-- Insert system configuration
INSERT INTO "system_config" ("id", "key", "value", "description", "isActive") VALUES
('550e8400-e29b-41d4-a716-446655441201', 'email_notifications_enabled', 'true', 'Global flag to enable/disable email notifications', true),
('550e8400-e29b-41d4-a716-446655441202', 'max_file_upload_size', '50000000', 'Maximum file upload size in bytes', true),
('550e8400-e29b-41d4-a716-446655441203', 'tender_auto_validation_threshold', '80', 'Score threshold for automatic tender validation', true),
('550e8400-e29b-41d4-a716-446655441204', 'default_currency', '"USD"', 'Default currency for new tenders', true),
('550e8400-e29b-41d4-a716-446655441205', 'deadline_reminder_days', '[30,14,7,3,1]', 'Days before deadline to send reminders', true);

-- Insert API keys
INSERT INTO "api_keys" ("id", "tenantId", "name", "key", "permissions", "isActive", "expiresAt") VALUES
('550e8400-e29b-41d4-a716-446655441301', '550e8400-e29b-41d4-a716-446655440001', 'TechCorp Production API', 'tc_prod_ak_12345abcdef', '["read","write","upload"]', true, NOW() + INTERVAL '365 days'),
('550e8400-e29b-41d4-a716-446655441302', '550e8400-e29b-41d4-a716-446655440001', 'TechCorp Development API', 'tc_dev_ak_67890ghijkl', '["read","write"]', true, NOW() + INTERVAL '90 days'),
('550e8400-e29b-41d4-a716-446655441303', null, 'System Integration Key', 'sys_int_ak_mnop567qrst', '["read","system"]', true, NOW() + INTERVAL '180 days');

-- Insert job queue entries
INSERT INTO "job_queue" ("id", "name", "data", "priority", "status", "processedAt") VALUES
('550e8400-e29b-41d4-a716-446655441401', 'parse-receipt', '{"documentId":"receipt-doc-id","s3Key":"receipts/tender4/submission_receipt.pdf","tenderId":"550e8400-e29b-41d4-a716-446655440304","parseVersion":"1.0.0"}', 10, 'completed', NOW() - INTERVAL '2 days' + INTERVAL '5 minutes'),
('550e8400-e29b-41d4-a716-446655441402', 'send-notification', '{"userId":"550e8400-e29b-41d4-a716-446655440101","type":"DEADLINE_REMINDER","tenderId":"550e8400-e29b-41d4-a716-446655440302","template":"deadline_reminder_email"}', 5, 'waiting', null),
('550e8400-e29b-41d4-a716-446655441403', 'generate-report', '{"tenantId":"550e8400-e29b-41d4-a716-446655440001","reportType":"tender_summary","dateRange":{"from":"2024-08-01","to":"2024-08-31"},"requestedBy":"550e8400-e29b-41d4-a716-446655440101"}', 1, 'processing', NOW());